	lang_name	lang_family	wiki.articles	wiki.activeusers	lang_script
eng	English	Germanic	6821000.0	122498.0	eng_Latn
nld	Dutch	Germanic	2157848.0	3685.0	nld_Latn
ltz	Luxembourgish	Germanic	63344.0	75.0	ltz_Latn
fra	French	Romance	2610187.0	17122.0	fra_Latn
spa	Spanish	Romance	1951111.0	14871.0	spa_Latn
glg	Galician	Romance	206719.0	260.0	glg_Latn
rus	Russian	Balto-Slavic	1978036.0	9570.0	rus_Cyrl
pol	Polish	Balto-Slavic	1613860.0	4371.0	pol_Latn
mkd	Macedonian	Balto-Slavic	143844.0	241.0	mkd_Cyrl
